Title,URL,Description,Target Audience,Key Highlights
"How Queenstown is Changing Tourism for Good","https://www.queenstownnz.co.nz/stories/post/how-queenstown-is-changing-tourism-for-good/","Overview of Queenstown's journey to become a regenerative tourism destination with goal of carbon zero by 2030. Covers the 'Travel to a Thriving Future' destination management plan launched November 2022 with 23 projects.","General visitors, travel industry professionals, media","Carbon zero by 2030; $3.1B visitor expenditure pre-COVID; 39% of GDP from tourism; Partnership between Destination Queenstown, Lake Wānaka Tourism and QLDC"
"Love Queenstown Launches with Future Generations in Mind","https://www.queenstownnz.co.nz/stories/post/love-queenstown-community-fund-launched/","Launch of Love Queenstown community fund (April 2023) - visitor giveback program supporting climate, conservation and biodiversity projects. Partnership with Whakatipu Community Foundation.","Visitors looking to give back, community organisations seeking funding","$70,000+ granted; 8,000+ native trees planted; 80% to initiatives, 20% to endowment; Funding $5,000-$10,000 available"
"The Ripple Effect of Regeneration at Aro Hā","https://www.queenstownnz.co.nz/stories/post/the-ripple-effect-of-regeneration-at-aro-ha/","Profile of Aro Hā wellness retreat championing regenerative tourism since 2014. Purpose-built permaculture-based retreat founded by Damian Chaparro with Chris and Beth Madison.","Wellness travelers, luxury eco-conscious visitors","40+ global awards; 5kW solar + 40kW micro-hydro; Vermiculture wastewater; 2.16 years biological age reduction in 6 days; 9.2% HRV boost"
"Queenstown Activities on a Journey to Sustainability","https://www.queenstownnz.co.nz/stories/post/queenstown-activities-on-a-journey-to-sustainability/","Profiles Ziptrek Ecotours (first carbon neutral tourism business) and Kiwi Birdlife Park (breeds 4 endangered species for release). Both offer educational sustainability experiences.","Families, eco-conscious visitors, student groups","Ziptrek: 90% infrastructure is living trees; Kiwi Park: 19,000 native trees planted, 138 wilding pines removed; Volunteer opportunities available"
"Royalburn Station: Paddock-To-Plate Regenerative Farming","https://www.queenstownnz.co.nz/stories/post/royalburn-station-paddock-to-plate-regenerative-farming/","Profile of Nadia Lim and Carlos Bagrie's 1,200-acre regenerative farm with on-site micro-abattoir (one of only two in NZ). Zero-waste circular systems, crop rotation, true paddock-to-plate.","Foodies, farm-to-table enthusiasts, culinary tourists","Est. 1887; NZ Order of Merit recipients; Supplies Amisfield, Rata, Lil Red; Farm shop in Arrowtown; NZ Food Awards winner"
"Country Lane: Preserving the Past for a Better Future","https://www.queenstownnz.co.nz/stories/post/country-lane-preserving-the-past-for-a-better-future/","Fourth-generation family (Tineke Enright & Bruce Grant) transforming heritage farm buildings into artisan retail village using recycled materials. Relocated 100-year-old Queenstown District High School.","Heritage/culture seekers, shoppers, families","2023 Queenstown Business Awards finalist (Sustainable & Regenerative Practice); Plans: solar panels, rainwater harvesting, SUCFree incentives; The Barn built 1950s with zero new materials"
"Millbrook Resort: Journey to a Greener Stay","https://www.queenstownnz.co.nz/stories/post/millbrook-resort-journey-to-a-greener-stay/","5-star golf resort's 'Greener Stay' program (launched 2022) reducing energy/water via optional reduced room servicing with $25 credit incentive. Founded by Ishii family 1993.","Luxury travelers, golfers, eco-conscious accommodation seekers","50,000kg CO2e eliminated 2022; 36 tonnes food waste diverted annually; 5,000 trees with Whakatipu Reforestation Trust; 20,000 pages paper saved; Coffee grind soap amenities"
"Ziptrek Ecotours: Carbon Zero","https://www.queenstownnz.co.nz/stories/post/ziptrek-ecotours-carbon-zero/","Deep dive into Ziptrek's carbon neutral journey. Teaches 'The Natural Step' sustainability framework while guests zipline. Multi-award winning ecotourism operator.","Eco-tourists, adventure seekers, students","First carbon neutral tourism business in Queenstown; Ekos certified; 2022 NZ Tourism Awards Regenerative Tourism Finalist; 2022 TECNZ Sustainability Award Winner"
"Gibbston Valley Winery: Biodiversity and The Chef's Garden","https://www.queenstownnz.co.nz/stories/post/gibbston-valley-winery/","Gibbston Valley Winery's sustainability initiatives including biodiversity projects and their Chef's Garden supplying the restaurant with organic produce.","Wine tourists, foodies, eco-conscious visitors","Chef's Garden on-site; Biodiversity focus; Farm-to-table dining"
"Canyon Brewing: Small Brewery, Big Impact","https://www.queenstownnz.co.nz/stories/post/canyon-brewing-keeping-it-hyperlocal-in-the-name-of-sustainability-from-the-ground-up-series/","Profile of Canyon Brewing's hyperlocal approach to sustainability - sourcing locally and minimizing environmental footprint from the ground up.","Craft beer enthusiasts, foodies, locals","Hyperlocal sourcing; Ground-up sustainability approach; Part of 'From the Ground Up' series"
"Air Milford: Giving Back to Community","https://www.queenstownnz.co.nz/stories/post/air-milford-giving-back-to-community/","Air Milford's community giveback initiatives and their approach to sustainable scenic flight operations.","Scenic flight visitors, community-minded travelers","Community support programs; Scenic flights to Milford Sound"
"Hilton Queenstown: Making Travel Better Globally and Locally","https://www.queenstownnz.co.nz/stories/post/hilton-queenstown-travel-with-purpose/","Hilton Queenstown's 'Travel with Purpose' sustainability program combining global Hilton initiatives with local community engagement.","Business travelers, luxury accommodation seekers","Travel with Purpose program; Global brand with local initiatives"
"RealNZ: Inviting Visitors to an Eco Experience","https://www.queenstownnz.co.nz/stories/post/realnz-inviting-visitors-to-an-eco-experience/","RealNZ (formerly Real Journeys) offering eco-focused experiences across Milford Sound, Doubtful Sound and other iconic locations.","Nature lovers, cruise/boat tour visitors","Major tour operator; Milford Sound cruises; Eco-experience focus"
"Lower Your Carbon Footprint with Queenstown Eco-itinerary","https://www.queenstownnz.co.nz/stories/post/lower-your-carbon-footprint-with-go-electric-and-good-travels-queenstown-eco-itinerary/","Practical eco-itinerary for visitors wanting to minimize their carbon footprint while exploring Queenstown. Partnership with Go Electric and Good Travels.","Eco-conscious visitors planning trips","Electric vehicle focus; Practical itinerary guide; Carbon footprint reduction tips"
